{"cameraMode":{"drawMode":0,"name":"Shaded","section":"Shading Mode"},"sceneLighting":true,"audioPlay":false,"sceneViewState":{"showFog":true,"showMaterialUpdate":false,"showSkybox":false,"showFlares":true,"showImageEffects":true,"showParticleSystems":true},"in2DMode":false,"pivot":{"x":3.1707019805908205,"y":-2.5725841522216799,"z":8.642037391662598},"rotation":{"x":0.18801409006118775,"y":0.347827285528183,"z":-0.07141648977994919,"w":0.9157438278198242},"size":11.803343772888184,"orthographic":false}